[心得] 總裁你想和誰談戀愛,0,Fri Nov  7 21:55:26 2025
[公告] 板務宣導/實用連結/置底聊天區,100,
[公告] Steam板板規/文章推薦區,15,Fri Sep 15 00:09:18 2017
[公告] 交易文章使用說明(發文/推文前請詳閱),0,
[公告] 10月置底遊戲交換區,10,
[公告] 11月置底遊戲交換區,7,
Re: [閒聊] CS2現開放紅槍合成升級刀&手套,19,Thu Nov  6 02:25:12 2025
[閒聊] 劍星有人一周目困難模式通關嗎,22,Thu Nov  6 13:47:04 2025
Fw: [情報] 最後指令，全新章節《B Side》今日上線!!,7,Thu Nov  6 16:09:32 2025
[新聞]Ubisoft分享暗影者從炎上到逆轉的關鍵策略,X1,Thu Nov  6 16:53:48 2025
Re: [新聞] Steam客服回「有屁股就不行」拒絕遊戲上架,25,Thu Nov  6 17:33:44 2025
[實況] 傑洛尼莫 Steam-戰意 遊戲實況,0,Thu Nov  6 18:05:53 2025
[閒聊] 填問卷送P幣，再抽超商禮券*45,38,Thu Nov  6 22:04:06 2025
[限免] (epic) Felix The Reaper,9,Fri Nov  7 00:08:24 2025
[新聞] 《GTA 5》崔佛特務DLC真相曝光R星聯合,3,Fri Nov  7 01:17:43 2025
[限免] OneShift,27,Fri Nov  7 02:42:44 2025
[公告] 水桶,21,Fri Nov  7 04:45:40 2025
[新聞] Take-Two發聲明否認打壓工會 稱《GTA 6,0,Fri Nov  7 07:41:34 2025
[閒聊] Cities: Skylines II 免費週末,4,Fri Nov  7 12:20:01 2025
Fw: [情報] 《GTA V》銷售突破2.2億套,7,Fri Nov  7 13:21:06 2025
[CS2 ] IEM Chengdu 2025 Quarter-finals,8,
[新聞] 俠盜獵車手6再度延期至2026年11月R星,3,Fri Nov  7 15:11:09 2025
[問題] Steam跨區下載？,4,Fri Nov  7 17:15:44 2025
Re: [閒聊] 推薦遊戲Crown and Adventure 王冠與冒險,0,Fri Nov  7 18:45:45 2025
[新聞] 基努李維想再演 電馭叛客2077 強尼銀手,6,Fri Nov  7 19:48:30 2025
[新聞]天國降臨總監評天外世界2：玩法停在25年前,3,Fri Nov  7 20:00:14 2025
Re: [問題] 絲之歌卡在罪石牢獄車輪戰,10,Tue Nov  4 03:35:20 2025
[新聞] Steam客服回「有屁股就不行」拒絕遊戲上架,25,Tue Nov  4 08:45:24 2025
[CS2 ] IEM Chengdu 2025 Group Stage Day2,31,Tue Nov  4 10:58:04 2025
[閒聊] CS2的VACLIVE好像有效?,7,Tue Nov  4 11:40:11 2025
Fw: [情報] 《Dispatch》銷售突破100萬套,12,Tue Nov  4 13:51:55 2025
Fw: [閒聊] Keeper簡易心得,0,Tue Nov  4 17:01:46 2025
Re: [閒聊] 推薦遊戲Crown and Adventure 王冠與冒險,1,Tue Nov  4 18:00:17 2025
[心得] 沒有被美女包圍的三角戀   女權無敵爛遊h,19,Tue Nov  4 20:21:50 2025
Re: [閒聊] CS2的VACLIVE好像有效?,1,Tue Nov  4 22:45:32 2025
Fw: [新聞] 老牌遊戲廠「大宇資訊」改名！轉型拚半導,38,Wed Nov  5 00:24:14 2025
[心得]對Halo CE 重製影片的看法及系列未來想法,16,Wed Nov  5 09:41:06 2025
[組包] HumbleBundle 2025 11月,26,Wed Nov  5 12:08:55 2025
[CS2 ] IEM Chengdu 2025 Group Stage Day3,43,Wed Nov  5 12:25:16 2025
[問題] 小一和大人一起玩的派對遊戲?,20,Wed Nov  5 13:09:37 2025
[心得]ARC Raiders 裡老六比機器人還難當耶,5,Wed Nov  5 13:13:15 2025
[新聞] 前《刺客教條3》總監談品牌長青秘訣：,0,Wed Nov  5 14:51:48 2025
[閒聊] Decktamer,1,Wed Nov  5 17:59:40 2025
[新聞]英國300名遊戲業高層7成認為Steam平台壟斷,0,Wed Nov  5 18:58:09 2025
[新聞] 天哪！B社竟然修Fallout4 bug了(棒讀,15,Wed Nov  5 21:12:56 2025
[新聞] 《俠盜獵車手6》開發商R星爆工會爭議 突,6,Wed Nov  5 21:33:25 2025
